UsageDate,SubscriptionId,SubscriptionName,ResourceGroup,ServiceName,MeterCategory,ResourceLocation,ConsumedQuantity,UnitPrice,Cost,Currency
2025-10-01,sub-001,azure-slight-noise,rg-prod,Virtual Machines,Compute,centralindia,2959,1.0,2959,USD
2025-10-01,sub-001,azure-slight-noise,rg-prod,Virtual Machines,Compute,westus,2970,1.0,2970,USD
2025-10-01,sub-001,azure-slight-noise,rg-prod,Storage,Blob Storage,centralindia,723,1.0,723,USD
2025-10-01,sub-001,azure-slight-noise,rg-prod,Storage,Blob Storage,westus,752,1.0,752,USD
2025-10-01,sub-001,azure-slight-noise,rg-prod,SQL Database,Database,centralindia,1391,1.0,1391,USD
2025-10-01,sub-001,azure-slight-noise,rg-prod,SQL Database,Database,westus,1432,1.0,1432,USD
2025-10-02,sub-001,azure-slight-noise,rg-prod,Virtual Machines,Compute,centralindia,2937,1.0,2937,USD
2025-10-02,sub-001,azure-slight-noise,rg-prod,Virtual Machines,Compute,westus,2900,1.0,2900,USD
2025-10-02,sub-001,azure-slight-noise,rg-prod,Storage,Blob Storage,centralindia,777,1.0,777,USD
2025-10-02,sub-001,azure-slight-noise,rg-prod,Storage,Blob Storage,westus,743,1.0,743,USD
2025-10-02,sub-001,azure-slight-noise,rg-prod,SQL Database,Database,centralindia,1364,1.0,1364,USD
2025-10-02,sub-001,azure-slight-noise,rg-prod,SQL Database,Database,westus,1414,1.0,1414,USD
2025-10-03,sub-001,azure-slight-noise,rg-prod,Virtual Machines,Compute,centralindia,11376.0,1.0,11376.0,USD
2025-10-03,sub-001,azure-slight-noise,rg-prod,Virtual Machines,Compute,westus,2832,1.0,2832,USD
2025-10-03,sub-001,azure-slight-noise,rg-prod,Storage,Blob Storage,centralindia,775,1.0,775,USD
2025-10-03,sub-001,azure-slight-noise,rg-prod,Storage,Blob Storage,westus,724,1.0,724,USD
2025-10-03,sub-001,azure-slight-noise,rg-prod,SQL Database,Database,centralindia,1419,1.0,1419,USD
2025-10-03,sub-001,azure-slight-noise,rg-prod,SQL Database,Database,westus,1424,1.0,1424,USD
2025-10-04,sub-001,azure-slight-noise,rg-prod,Virtual Machines,Compute,centralindia,2908,1.0,2908,USD
2025-10-04,sub-001,azure-slight-noise,rg-prod,Virtual Machines,Compute,westus,2968,1.0,2968,USD
2025-10-04,sub-001,azure-slight-noise,rg-prod,Storage,Blob Storage,centralindia,775,1.0,775,USD
2025-10-04,sub-001,azure-slight-noise,rg-prod,Storage,Blob Storage,westus,741,1.0,741,USD
2025-10-04,sub-001,azure-slight-noise,rg-prod,SQL Database,Database,centralindia,1434,1.0,1434,USD
2025-10-04,sub-001,azure-slight-noise,rg-prod,SQL Database,Database,westus,1383,1.0,1383,USD
2025-10-05,sub-001,azure-slight-noise,rg-prod,Virtual Machines,Compute,centralindia,2837,1.0,2837,USD
2025-10-05,sub-001,azure-slight-noise,rg-prod,Virtual Machines,Compute,westus,2858,1.0,2858,USD
2025-10-05,sub-001,azure-slight-noise,rg-prod,Storage,Blob Storage,centralindia,724,1.0,724,USD
2025-10-05,sub-001,azure-slight-noise,rg-prod,Storage,Blob Storage,westus,755,1.0,755,USD
2025-10-05,sub-001,azure-slight-noise,rg-prod,SQL Database,Database,centralindia,1367,1.0,1367,USD
2025-10-05,sub-001,azure-slight-noise,rg-prod,SQL Database,Database,westus,1369,1.0,1369,USD
2025-10-06,sub-001,azure-slight-noise,rg-prod,Virtual Machines,Compute,centralindia,2950,1.0,2950,USD
2025-10-06,sub-001,azure-slight-noise,rg-prod,Virtual Machines,Compute,westus,2933,1.0,2933,USD
2025-10-06,sub-001,azure-slight-noise,rg-prod,Storage,Blob Storage,centralindia,752,1.0,752,USD
2025-10-06,sub-001,azure-slight-noise,rg-prod,Storage,Blob Storage,westus,764,1.0,764,USD
2025-10-06,sub-001,azure-slight-noise,rg-prod,SQL Database,Database,centralindia,1359,1.0,1359,USD
2025-10-06,sub-001,azure-slight-noise,rg-prod,SQL Database,Database,westus,1379,1.0,1379,USD
2025-10-07,sub-001,azure-slight-noise,rg-prod,Virtual Machines,Compute,centralindia,2909,1.0,2909,USD
2025-10-07,sub-001,azure-slight-noise,rg-prod,Virtual Machines,Compute,westus,2926,1.0,2926,USD
2025-10-07,sub-001,azure-slight-noise,rg-prod,Storage,Blob Storage,centralindia,767,1.0,767,USD
2025-10-07,sub-001,azure-slight-noise,rg-prod,Storage,Blob Storage,westus,732,1.0,732,USD
2025-10-07,sub-001,azure-slight-noise,rg-prod,SQL Database,Database,centralindia,1350,1.0,1350,USD
2025-10-07,sub-001,azure-slight-noise,rg-prod,SQL Database,Database,westus,1421,1.0,1421,USD
2025-10-08,sub-001,azure-slight-noise,rg-prod,Virtual Machines,Compute,centralindia,2838,1.0,2838,USD
2025-10-08,sub-001,azure-slight-noise,rg-prod,Virtual Machines,Compute,westus,2862,1.0,2862,USD
2025-10-08,sub-001,azure-slight-noise,rg-prod,Storage,Blob Storage,centralindia,780,1.0,780,USD
2025-10-08,sub-001,azure-slight-noise,rg-prod,Storage,Blob Storage,westus,772,1.0,772,USD
2025-10-08,sub-001,azure-slight-noise,rg-prod,SQL Database,Database,centralindia,1396,1.0,1396,USD
2025-10-08,sub-001,azure-slight-noise,rg-prod,SQL Database,Database,westus,1341,1.0,1341,USD
2025-10-09,sub-001,azure-slight-noise,rg-prod,Virtual Machines,Compute,centralindia,2873,1.0,2873,USD
2025-10-09,sub-001,azure-slight-noise,rg-prod,Virtual Machines,Compute,westus,2921,1.0,2921,USD
2025-10-09,sub-001,azure-slight-noise,rg-prod,Storage,Blob Storage,centralindia,731,1.0,731,USD
2025-10-09,sub-001,azure-slight-noise,rg-prod,Storage,Blob Storage,westus,767,1.0,767,USD
2025-10-09,sub-001,azure-slight-noise,rg-prod,SQL Database,Database,centralindia,1356,1.0,1356,USD
2025-10-09,sub-001,azure-slight-noise,rg-prod,SQL Database,Database,westus,1465,1.0,1465,USD
2025-10-10,sub-001,azure-slight-noise,rg-prod,Virtual Machines,Compute,centralindia,2927,1.0,2927,USD
2025-10-10,sub-001,azure-slight-noise,rg-prod,Virtual Machines,Compute,westus,2946,1.0,2946,USD
2025-10-10,sub-001,azure-slight-noise,rg-prod,Storage,Blob Storage,centralindia,778,1.0,778,USD
2025-10-10,sub-001,azure-slight-noise,rg-prod,Storage,Blob Storage,westus,731,1.0,731,USD
2025-10-10,sub-001,azure-slight-noise,rg-prod,SQL Database,Database,centralindia,1465,1.0,1465,USD
2025-10-10,sub-001,azure-slight-noise,rg-prod,SQL Database,Database,westus,1381,1.0,1381,USD
2025-10-11,sub-001,azure-slight-noise,rg-prod,Virtual Machines,Compute,centralindia,2903,1.0,2903,USD
2025-10-11,sub-001,azure-slight-noise,rg-prod,Virtual Machines,Compute,westus,2844,1.0,2844,USD
2025-10-11,sub-001,azure-slight-noise,rg-prod,Storage,Blob Storage,centralindia,778,1.0,778,USD
2025-10-11,sub-001,azure-slight-noise,rg-prod,Storage,Blob Storage,westus,773,1.0,773,USD
2025-10-11,sub-001,azure-slight-noise,rg-prod,SQL Database,Database,centralindia,1456,1.0,1456,USD
2025-10-11,sub-001,azure-slight-noise,rg-prod,SQL Database,Database,westus,1418,1.0,1418,USD
2025-10-12,sub-001,azure-slight-noise,rg-prod,Virtual Machines,Compute,centralindia,2964,1.0,2964,USD
2025-10-12,sub-001,azure-slight-noise,rg-prod,Virtual Machines,Compute,westus,2965,1.0,2965,USD
2025-10-12,sub-001,azure-slight-noise,rg-prod,Storage,Blob Storage,centralindia,748,1.0,748,USD
2025-10-12,sub-001,azure-slight-noise,rg-prod,Storage,Blob Storage,westus,772,1.0,772,USD
2025-10-12,sub-001,azure-slight-noise,rg-prod,SQL Database,Database,centralindia,1349,1.0,1349,USD
2025-10-12,sub-001,azure-slight-noise,rg-prod,SQL Database,Database,westus,1461,1.0,1461,USD
2025-10-13,sub-001,azure-slight-noise,rg-prod,Virtual Machines,Compute,centralindia,2883,1.0,2883,USD
2025-10-13,sub-001,azure-slight-noise,rg-prod,Virtual Machines,Compute,westus,2849,1.0,2849,USD
2025-10-13,sub-001,azure-slight-noise,rg-prod,Storage,Blob Storage,centralindia,729,1.0,729,USD
2025-10-13,sub-001,azure-slight-noise,rg-prod,Storage,Blob Storage,westus,740,1.0,740,USD
2025-10-13,sub-001,azure-slight-noise,rg-prod,SQL Database,Database,centralindia,1345,1.0,1345,USD
2025-10-13,sub-001,azure-slight-noise,rg-prod,SQL Database,Database,westus,1395,1.0,1395,USD
2025-10-14,sub-001,azure-slight-noise,rg-prod,Virtual Machines,Compute,centralindia,2853,1.0,2853,USD
2025-10-14,sub-001,azure-slight-noise,rg-prod,Virtual Machines,Compute,westus,2847,1.0,2847,USD
2025-10-14,sub-001,azure-slight-noise,rg-prod,Storage,Blob Storage,centralindia,746,1.0,746,USD
2025-10-14,sub-001,azure-slight-noise,rg-prod,Storage,Blob Storage,westus,765,1.0,765,USD
2025-10-14,sub-001,azure-slight-noise,rg-prod,SQL Database,Database,centralindia,1398,1.0,1398,USD
2025-10-14,sub-001,azure-slight-noise,rg-prod,SQL Database,Database,westus,1357,1.0,1357,USD
2025-10-15,sub-001,azure-slight-noise,rg-prod,Virtual Machines,Compute,centralindia,2898,1.0,2898,USD
2025-10-15,sub-001,azure-slight-noise,rg-prod,Virtual Machines,Compute,westus,2834,1.0,2834,USD
2025-10-15,sub-001,azure-slight-noise,rg-prod,Storage,Blob Storage,centralindia,743,1.0,743,USD
2025-10-15,sub-001,azure-slight-noise,rg-prod,Storage,Blob Storage,westus,747,1.0,747,USD
2025-10-15,sub-001,azure-slight-noise,rg-prod,SQL Database,Database,centralindia,1431,1.0,1431,USD
2025-10-15,sub-001,azure-slight-noise,rg-prod,SQL Database,Database,westus,1469,1.0,1469,USD
2025-10-16,sub-001,azure-slight-noise,rg-prod,Virtual Machines,Compute,centralindia,2866,1.0,2866,USD
2025-10-16,sub-001,azure-slight-noise,rg-prod,Virtual Machines,Compute,westus,2930,1.0,2930,USD
2025-10-16,sub-001,azure-slight-noise,rg-prod,Storage,Blob Storage,centralindia,732,1.0,732,USD
2025-10-16,sub-001,azure-slight-noise,rg-prod,Storage,Blob Storage,westus,745,1.0,745,USD
2025-10-16,sub-001,azure-slight-noise,rg-prod,SQL Database,Database,centralindia,1374,1.0,1374,USD
2025-10-16,sub-001,azure-slight-noise,rg-prod,SQL Database,Database,westus,1462,1.0,1462,USD
2025-10-17,sub-001,azure-slight-noise,rg-prod,Virtual Machines,Compute,centralindia,2895,1.0,2895,USD
2025-10-17,sub-001,azure-slight-noise,rg-prod,Virtual Machines,Compute,westus,2887,1.0,2887,USD
2025-10-17,sub-001,azure-slight-noise,rg-prod,Storage,Blob Storage,centralindia,731,1.0,731,USD
2025-10-17,sub-001,azure-slight-noise,rg-prod,Storage,Blob Storage,westus,720,1.0,720,USD
2025-10-17,sub-001,azure-slight-noise,rg-prod,SQL Database,Database,centralindia,1439,1.0,1439,USD
2025-10-17,sub-001,azure-slight-noise,rg-prod,SQL Database,Database,westus,1405,1.0,1405,USD
2025-10-18,sub-001,azure-slight-noise,rg-prod,Virtual Machines,Compute,centralindia,2946,1.0,2946,USD
2025-10-18,sub-001,azure-slight-noise,rg-prod,Virtual Machines,Compute,westus,2902,1.0,2902,USD
2025-10-18,sub-001,azure-slight-noise,rg-prod,Storage,Blob Storage,centralindia,723,1.0,723,USD
2025-10-18,sub-001,azure-slight-noise,rg-prod,Storage,Blob Storage,westus,722,1.0,722,USD
2025-10-18,sub-001,azure-slight-noise,rg-prod,SQL Database,Database,centralindia,1368,1.0,1368,USD
2025-10-18,sub-001,azure-slight-noise,rg-prod,SQL Database,Database,westus,1433,1.0,1433,USD
2025-10-19,sub-001,azure-slight-noise,rg-prod,Virtual Machines,Compute,centralindia,2854,1.0,2854,USD
2025-10-19,sub-001,azure-slight-noise,rg-prod,Virtual Machines,Compute,westus,2861,1.0,2861,USD
2025-10-19,sub-001,azure-slight-noise,rg-prod,Storage,Blob Storage,centralindia,765,1.0,765,USD
2025-10-19,sub-001,azure-slight-noise,rg-prod,Storage,Blob Storage,westus,766,1.0,766,USD
2025-10-19,sub-001,azure-slight-noise,rg-prod,SQL Database,Database,centralindia,1457,1.0,1457,USD
2025-10-19,sub-001,azure-slight-noise,rg-prod,SQL Database,Database,westus,1374,1.0,1374,USD
2025-10-20,sub-001,azure-slight-noise,rg-prod,Virtual Machines,Compute,centralindia,2841,1.0,2841,USD
2025-10-20,sub-001,azure-slight-noise,rg-prod,Virtual Machines,Compute,westus,2897,1.0,2897,USD
2025-10-20,sub-001,azure-slight-noise,rg-prod,Storage,Blob Storage,centralindia,723,1.0,723,USD
2025-10-20,sub-001,azure-slight-noise,rg-prod,Storage,Blob Storage,westus,734,1.0,734,USD
2025-10-20,sub-001,azure-slight-noise,rg-prod,SQL Database,Database,centralindia,1425,1.0,1425,USD
2025-10-20,sub-001,azure-slight-noise,rg-prod,SQL Database,Database,westus,1369,1.0,1369,USD
2025-10-21,sub-001,azure-slight-noise,rg-prod,Virtual Machines,Compute,centralindia,2955,1.0,2955,USD
2025-10-21,sub-001,azure-slight-noise,rg-prod,Virtual Machines,Compute,westus,2961,1.0,2961,USD
2025-10-21,sub-001,azure-slight-noise,rg-prod,Storage,Blob Storage,centralindia,746,1.0,746,USD
2025-10-21,sub-001,azure-slight-noise,rg-prod,Storage,Blob Storage,westus,747,1.0,747,USD
2025-10-21,sub-001,azure-slight-noise,rg-prod,SQL Database,Database,centralindia,1333,1.0,1333,USD
2025-10-21,sub-001,azure-slight-noise,rg-prod,SQL Database,Database,westus,1343,1.0,1343,USD
2025-10-22,sub-001,azure-slight-noise,rg-prod,Virtual Machines,Compute,centralindia,2917,1.0,2917,USD
2025-10-22,sub-001,azure-slight-noise,rg-prod,Virtual Machines,Compute,westus,2858,1.0,2858,USD
2025-10-22,sub-001,azure-slight-noise,rg-prod,Storage,Blob Storage,centralindia,769,1.0,769,USD
2025-10-22,sub-001,azure-slight-noise,rg-prod,Storage,Blob Storage,westus,736,1.0,736,USD
2025-10-22,sub-001,azure-slight-noise,rg-prod,SQL Database,Database,centralindia,1361,1.0,1361,USD
2025-10-22,sub-001,azure-slight-noise,rg-prod,SQL Database,Database,westus,1390,1.0,1390,USD
2025-10-23,sub-001,azure-slight-noise,rg-prod,Virtual Machines,Compute,centralindia,2836,1.0,2836,USD
2025-10-23,sub-001,azure-slight-noise,rg-prod,Virtual Machines,Compute,westus,2948,1.0,2948,USD
2025-10-23,sub-001,azure-slight-noise,rg-prod,Storage,Blob Storage,centralindia,746,1.0,746,USD
2025-10-23,sub-001,azure-slight-noise,rg-prod,Storage,Blob Storage,westus,775,1.0,775,USD
2025-10-23,sub-001,azure-slight-noise,rg-prod,SQL Database,Database,centralindia,1416,1.0,1416,USD
2025-10-23,sub-001,azure-slight-noise,rg-prod,SQL Database,Database,westus,1360,1.0,1360,USD
2025-10-24,sub-001,azure-slight-noise,rg-prod,Virtual Machines,Compute,centralindia,2868,1.0,2868,USD
2025-10-24,sub-001,azure-slight-noise,rg-prod,Virtual Machines,Compute,westus,2934,1.0,2934,USD
2025-10-24,sub-001,azure-slight-noise,rg-prod,Storage,Blob Storage,centralindia,743,1.0,743,USD
2025-10-24,sub-001,azure-slight-noise,rg-prod,Storage,Blob Storage,westus,721,1.0,721,USD
2025-10-24,sub-001,azure-slight-noise,rg-prod,SQL Database,Database,centralindia,1413,1.0,1413,USD
2025-10-24,sub-001,azure-slight-noise,rg-prod,SQL Database,Database,westus,1395,1.0,1395,USD
2025-10-25,sub-001,azure-slight-noise,rg-prod,Virtual Machines,Compute,centralindia,2898,1.0,2898,USD
2025-10-25,sub-001,azure-slight-noise,rg-prod,Virtual Machines,Compute,westus,2874,1.0,2874,USD
2025-10-25,sub-001,azure-slight-noise,rg-prod,Storage,Blob Storage,centralindia,723,1.0,723,USD
2025-10-25,sub-001,azure-slight-noise,rg-prod,Storage,Blob Storage,westus,750,1.0,750,USD
2025-10-25,sub-001,azure-slight-noise,rg-prod,SQL Database,Database,centralindia,1452,1.0,1452,USD
2025-10-25,sub-001,azure-slight-noise,rg-prod,SQL Database,Database,westus,1350,1.0,1350,USD
2025-10-26,sub-001,azure-slight-noise,rg-prod,Virtual Machines,Compute,centralindia,2938,1.0,2938,USD
2025-10-26,sub-001,azure-slight-noise,rg-prod,Virtual Machines,Compute,westus,2931,1.0,2931,USD
2025-10-26,sub-001,azure-slight-noise,rg-prod,Storage,Blob Storage,centralindia,726,1.0,726,USD
2025-10-26,sub-001,azure-slight-noise,rg-prod,Storage,Blob Storage,westus,740,1.0,740,USD
2025-10-26,sub-001,azure-slight-noise,rg-prod,SQL Database,Database,centralindia,1436,1.0,1436,USD
2025-10-26,sub-001,azure-slight-noise,rg-prod,SQL Database,Database,westus,1432,1.0,1432,USD
2025-10-27,sub-001,azure-slight-noise,rg-prod,Virtual Machines,Compute,centralindia,2902,1.0,2902,USD
2025-10-27,sub-001,azure-slight-noise,rg-prod,Virtual Machines,Compute,westus,2899,1.0,2899,USD
2025-10-27,sub-001,azure-slight-noise,rg-prod,Storage,Blob Storage,centralindia,748,1.0,748,USD
2025-10-27,sub-001,azure-slight-noise,rg-prod,Storage,Blob Storage,westus,721,1.0,721,USD
2025-10-27,sub-001,azure-slight-noise,rg-prod,SQL Database,Database,centralindia,1406,1.0,1406,USD
2025-10-27,sub-001,azure-slight-noise,rg-prod,SQL Database,Database,westus,1388,1.0,1388,USD
2025-10-28,sub-001,azure-slight-noise,rg-prod,Virtual Machines,Compute,centralindia,2878,1.0,2878,USD
2025-10-28,sub-001,azure-slight-noise,rg-prod,Virtual Machines,Compute,westus,2844,1.0,2844,USD
2025-10-28,sub-001,azure-slight-noise,rg-prod,Storage,Blob Storage,centralindia,757,1.0,757,USD
2025-10-28,sub-001,azure-slight-noise,rg-prod,Storage,Blob Storage,westus,744,1.0,744,USD
2025-10-28,sub-001,azure-slight-noise,rg-prod,SQL Database,Database,centralindia,1398,1.0,1398,USD
2025-10-28,sub-001,azure-slight-noise,rg-prod,SQL Database,Database,westus,1394,1.0,1394,USD
2025-10-29,sub-001,azure-slight-noise,rg-prod,Virtual Machines,Compute,centralindia,2834,1.0,2834,USD
2025-10-29,sub-001,azure-slight-noise,rg-prod,Virtual Machines,Compute,westus,2842,1.0,2842,USD
2025-10-29,sub-001,azure-slight-noise,rg-prod,Storage,Blob Storage,centralindia,725,1.0,725,USD
2025-10-29,sub-001,azure-slight-noise,rg-prod,Storage,Blob Storage,westus,752,1.0,752,USD
2025-10-29,sub-001,azure-slight-noise,rg-prod,SQL Database,Database,centralindia,1415,1.0,1415,USD
2025-10-29,sub-001,azure-slight-noise,rg-prod,SQL Database,Database,westus,1398,1.0,1398,USD
2025-10-30,sub-001,azure-slight-noise,rg-prod,Virtual Machines,Compute,centralindia,2868,1.0,2868,USD
2025-10-30,sub-001,azure-slight-noise,rg-prod,Virtual Machines,Compute,westus,2888,1.0,2888,USD
2025-10-30,sub-001,azure-slight-noise,rg-prod,Storage,Blob Storage,centralindia,724,1.0,724,USD
2025-10-30,sub-001,azure-slight-noise,rg-prod,Storage,Blob Storage,westus,741,1.0,741,USD
2025-10-30,sub-001,azure-slight-noise,rg-prod,SQL Database,Database,centralindia,1349,1.0,1349,USD
2025-10-30,sub-001,azure-slight-noise,rg-prod,SQL Database,Database,westus,1434,1.0,1434,USD
2025-10-31,sub-001,azure-slight-noise,rg-prod,Virtual Machines,Compute,centralindia,2855,1.0,2855,USD
2025-10-31,sub-001,azure-slight-noise,rg-prod,Virtual Machines,Compute,westus,2954,1.0,2954,USD
2025-10-31,sub-001,azure-slight-noise,rg-prod,Storage,Blob Storage,centralindia,744,1.0,744,USD
2025-10-31,sub-001,azure-slight-noise,rg-prod,Storage,Blob Storage,westus,780,1.0,780,USD
2025-10-31,sub-001,azure-slight-noise,rg-prod,SQL Database,Database,centralindia,1451,1.0,1451,USD
2025-10-31,sub-001,azure-slight-noise,rg-prod,SQL Database,Database,westus,1347,1.0,1347,USD
2025-11-01,sub-001,azure-slight-noise,rg-prod,Virtual Machines,Compute,centralindia,2953,1.0,2953,USD
2025-11-01,sub-001,azure-slight-noise,rg-prod,Virtual Machines,Compute,westus,2856,1.0,2856,USD
2025-11-01,sub-001,azure-slight-noise,rg-prod,Storage,Blob Storage,centralindia,773,1.0,773,USD
2025-11-01,sub-001,azure-slight-noise,rg-prod,Storage,Blob Storage,westus,748,1.0,748,USD
2025-11-01,sub-001,azure-slight-noise,rg-prod,SQL Database,Database,centralindia,1378,1.0,1378,USD
2025-11-01,sub-001,azure-slight-noise,rg-prod,SQL Database,Database,westus,1439,1.0,1439,USD
2025-11-02,sub-001,azure-slight-noise,rg-prod,Virtual Machines,Compute,centralindia,2849,1.0,2849,USD
2025-11-02,sub-001,azure-slight-noise,rg-prod,Virtual Machines,Compute,westus,2937,1.0,2937,USD
2025-11-02,sub-001,azure-slight-noise,rg-prod,Storage,Blob Storage,centralindia,722,1.0,722,USD
2025-11-02,sub-001,azure-slight-noise,rg-prod,Storage,Blob Storage,westus,777,1.0,777,USD
2025-11-02,sub-001,azure-slight-noise,rg-prod,SQL Database,Database,centralindia,1388,1.0,1388,USD
2025-11-02,sub-001,azure-slight-noise,rg-prod,SQL Database,Database,westus,1439,1.0,1439,USD
2025-11-03,sub-001,azure-slight-noise,rg-prod,Virtual Machines,Compute,centralindia,2867,1.0,2867,USD
2025-11-03,sub-001,azure-slight-noise,rg-prod,Virtual Machines,Compute,westus,2875,1.0,2875,USD
2025-11-03,sub-001,azure-slight-noise,rg-prod,Storage,Blob Storage,centralindia,759,1.0,759,USD
2025-11-03,sub-001,azure-slight-noise,rg-prod,Storage,Blob Storage,westus,735,1.0,735,USD
2025-11-03,sub-001,azure-slight-noise,rg-prod,SQL Database,Database,centralindia,1411,1.0,1411,USD
2025-11-03,sub-001,azure-slight-noise,rg-prod,SQL Database,Database,westus,1340,1.0,1340,USD
2025-11-04,sub-001,azure-slight-noise,rg-prod,Virtual Machines,Compute,centralindia,2933,1.0,2933,USD
2025-11-04,sub-001,azure-slight-noise,rg-prod,Virtual Machines,Compute,westus,2927,1.0,2927,USD
2025-11-04,sub-001,azure-slight-noise,rg-prod,Storage,Blob Storage,centralindia,749,1.0,749,USD
2025-11-04,sub-001,azure-slight-noise,rg-prod,Storage,Blob Storage,westus,749,1.0,749,USD
2025-11-04,sub-001,azure-slight-noise,rg-prod,SQL Database,Database,centralindia,1410,1.0,1410,USD
2025-11-04,sub-001,azure-slight-noise,rg-prod,SQL Database,Database,westus,1398,1.0,1398,USD
2025-11-05,sub-001,azure-slight-noise,rg-prod,Virtual Machines,Compute,centralindia,2930,1.0,2930,USD
2025-11-05,sub-001,azure-slight-noise,rg-prod,Virtual Machines,Compute,westus,2969,1.0,2969,USD
2025-11-05,sub-001,azure-slight-noise,rg-prod,Storage,Blob Storage,centralindia,758,1.0,758,USD
2025-11-05,sub-001,azure-slight-noise,rg-prod,Storage,Blob Storage,westus,728,1.0,728,USD
2025-11-05,sub-001,azure-slight-noise,rg-prod,SQL Database,Database,centralindia,1415,1.0,1415,USD
2025-11-05,sub-001,azure-slight-noise,rg-prod,SQL Database,Database,westus,1462,1.0,1462,USD
2025-11-06,sub-001,azure-slight-noise,rg-prod,Virtual Machines,Compute,centralindia,2888,1.0,2888,USD
2025-11-06,sub-001,azure-slight-noise,rg-prod,Virtual Machines,Compute,westus,2861,1.0,2861,USD
2025-11-06,sub-001,azure-slight-noise,rg-prod,Storage,Blob Storage,centralindia,768,1.0,768,USD
2025-11-06,sub-001,azure-slight-noise,rg-prod,Storage,Blob Storage,westus,744,1.0,744,USD
2025-11-06,sub-001,azure-slight-noise,rg-prod,SQL Database,Database,centralindia,1334,1.0,1334,USD
2025-11-06,sub-001,azure-slight-noise,rg-prod,SQL Database,Database,westus,1385,1.0,1385,USD
2025-11-07,sub-001,azure-slight-noise,rg-prod,Virtual Machines,Compute,centralindia,2931,1.0,2931,USD
2025-11-07,sub-001,azure-slight-noise,rg-prod,Virtual Machines,Compute,westus,2938,1.0,2938,USD
2025-11-07,sub-001,azure-slight-noise,rg-prod,Storage,Blob Storage,centralindia,739,1.0,739,USD
2025-11-07,sub-001,azure-slight-noise,rg-prod,Storage,Blob Storage,westus,754,1.0,754,USD
2025-11-07,sub-001,azure-slight-noise,rg-prod,SQL Database,Database,centralindia,1359,1.0,1359,USD
2025-11-07,sub-001,azure-slight-noise,rg-prod,SQL Database,Database,westus,1349,1.0,1349,USD
2025-11-08,sub-001,azure-slight-noise,rg-prod,Virtual Machines,Compute,centralindia,2872,1.0,2872,USD
2025-11-08,sub-001,azure-slight-noise,rg-prod,Virtual Machines,Compute,westus,2908,1.0,2908,USD
2025-11-08,sub-001,azure-slight-noise,rg-prod,Storage,Blob Storage,centralindia,736,1.0,736,USD
2025-11-08,sub-001,azure-slight-noise,rg-prod,Storage,Blob Storage,westus,758,1.0,758,USD
2025-11-08,sub-001,azure-slight-noise,rg-prod,SQL Database,Database,centralindia,1411,1.0,1411,USD
2025-11-08,sub-001,azure-slight-noise,rg-prod,SQL Database,Database,westus,1357,1.0,1357,USD
2025-11-09,sub-001,azure-slight-noise,rg-prod,Virtual Machines,Compute,centralindia,2866,1.0,2866,USD
2025-11-09,sub-001,azure-slight-noise,rg-prod,Virtual Machines,Compute,westus,2930,1.0,2930,USD
2025-11-09,sub-001,azure-slight-noise,rg-prod,Storage,Blob Storage,centralindia,769,1.0,769,USD
2025-11-09,sub-001,azure-slight-noise,rg-prod,Storage,Blob Storage,westus,732,1.0,732,USD
2025-11-09,sub-001,azure-slight-noise,rg-prod,SQL Database,Database,centralindia,1371,1.0,1371,USD
2025-11-09,sub-001,azure-slight-noise,rg-prod,SQL Database,Database,westus,1354,1.0,1354,USD
2025-11-10,sub-001,azure-slight-noise,rg-prod,Virtual Machines,Compute,centralindia,2912,1.0,2912,USD
2025-11-10,sub-001,azure-slight-noise,rg-prod,Virtual Machines,Compute,westus,2960,1.0,2960,USD
2025-11-10,sub-001,azure-slight-noise,rg-prod,Storage,Blob Storage,centralindia,750,1.0,750,USD
2025-11-10,sub-001,azure-slight-noise,rg-prod,Storage,Blob Storage,westus,768,1.0,768,USD
2025-11-10,sub-001,azure-slight-noise,rg-prod,SQL Database,Database,centralindia,1345,1.0,1345,USD
2025-11-10,sub-001,azure-slight-noise,rg-prod,SQL Database,Database,westus,1380,1.0,1380,USD
2025-11-11,sub-001,azure-slight-noise,rg-prod,Virtual Machines,Compute,centralindia,2890,1.0,2890,USD
2025-11-11,sub-001,azure-slight-noise,rg-prod,Virtual Machines,Compute,westus,2938,1.0,2938,USD
2025-11-11,sub-001,azure-slight-noise,rg-prod,Storage,Blob Storage,centralindia,770,1.0,770,USD
2025-11-11,sub-001,azure-slight-noise,rg-prod,Storage,Blob Storage,westus,778,1.0,778,USD
2025-11-11,sub-001,azure-slight-noise,rg-prod,SQL Database,Database,centralindia,1367,1.0,1367,USD
2025-11-11,sub-001,azure-slight-noise,rg-prod,SQL Database,Database,westus,1365,1.0,1365,USD
2025-11-12,sub-001,azure-slight-noise,rg-prod,Virtual Machines,Compute,centralindia,2850,1.0,2850,USD
2025-11-12,sub-001,azure-slight-noise,rg-prod,Virtual Machines,Compute,westus,2862,1.0,2862,USD
2025-11-12,sub-001,azure-slight-noise,rg-prod,Storage,Blob Storage,centralindia,777,1.0,777,USD
2025-11-12,sub-001,azure-slight-noise,rg-prod,Storage,Blob Storage,westus,740,1.0,740,USD
2025-11-12,sub-001,azure-slight-noise,rg-prod,SQL Database,Database,centralindia,1442,1.0,1442,USD
2025-11-12,sub-001,azure-slight-noise,rg-prod,SQL Database,Database,westus,1357,1.0,1357,USD
2025-11-13,sub-001,azure-slight-noise,rg-prod,Virtual Machines,Compute,centralindia,2942,1.0,2942,USD
2025-11-13,sub-001,azure-slight-noise,rg-prod,Virtual Machines,Compute,westus,2904,1.0,2904,USD
2025-11-13,sub-001,azure-slight-noise,rg-prod,Storage,Blob Storage,centralindia,770,1.0,770,USD
2025-11-13,sub-001,azure-slight-noise,rg-prod,Storage,Blob Storage,westus,730,1.0,730,USD
2025-11-13,sub-001,azure-slight-noise,rg-prod,SQL Database,Database,centralindia,1424,1.0,1424,USD
2025-11-13,sub-001,azure-slight-noise,rg-prod,SQL Database,Database,westus,1331,1.0,1331,USD
2025-11-14,sub-001,azure-slight-noise,rg-prod,Virtual Machines,Compute,centralindia,2848,1.0,2848,USD
2025-11-14,sub-001,azure-slight-noise,rg-prod,Virtual Machines,Compute,westus,2936,1.0,2936,USD
2025-11-14,sub-001,azure-slight-noise,rg-prod,Storage,Blob Storage,centralindia,775,1.0,775,USD
2025-11-14,sub-001,azure-slight-noise,rg-prod,Storage,Blob Storage,westus,769,1.0,769,USD
2025-11-14,sub-001,azure-slight-noise,rg-prod,SQL Database,Database,centralindia,1422,1.0,1422,USD
2025-11-14,sub-001,azure-slight-noise,rg-prod,SQL Database,Database,westus,1451,1.0,1451,USD
2025-11-15,sub-001,azure-slight-noise,rg-prod,Virtual Machines,Compute,centralindia,2926,1.0,2926,USD
2025-11-15,sub-001,azure-slight-noise,rg-prod,Virtual Machines,Compute,westus,2942,1.0,2942,USD
2025-11-15,sub-001,azure-slight-noise,rg-prod,Storage,Blob Storage,centralindia,756,1.0,756,USD
2025-11-15,sub-001,azure-slight-noise,rg-prod,Storage,Blob Storage,westus,751,1.0,751,USD
2025-11-15,sub-001,azure-slight-noise,rg-prod,SQL Database,Database,centralindia,1409,1.0,1409,USD
2025-11-15,sub-001,azure-slight-noise,rg-prod,SQL Database,Database,westus,1406,1.0,1406,USD
2025-11-16,sub-001,azure-slight-noise,rg-prod,Virtual Machines,Compute,centralindia,2915,1.0,2915,USD
2025-11-16,sub-001,azure-slight-noise,rg-prod,Virtual Machines,Compute,westus,2959,1.0,2959,USD
2025-11-16,sub-001,azure-slight-noise,rg-prod,Storage,Blob Storage,centralindia,735,1.0,735,USD
2025-11-16,sub-001,azure-slight-noise,rg-prod,Storage,Blob Storage,westus,741,1.0,741,USD
2025-11-16,sub-001,azure-slight-noise,rg-prod,SQL Database,Database,centralindia,1330,1.0,1330,USD
2025-11-16,sub-001,azure-slight-noise,rg-prod,SQL Database,Database,westus,1434,1.0,1434,USD
2025-11-17,sub-001,azure-slight-noise,rg-prod,Virtual Machines,Compute,centralindia,2894,1.0,2894,USD
2025-11-17,sub-001,azure-slight-noise,rg-prod,Virtual Machines,Compute,westus,2967,1.0,2967,USD
2025-11-17,sub-001,azure-slight-noise,rg-prod,Storage,Blob Storage,centralindia,727,1.0,727,USD
2025-11-17,sub-001,azure-slight-noise,rg-prod,Storage,Blob Storage,westus,733,1.0,733,USD
2025-11-17,sub-001,azure-slight-noise,rg-prod,SQL Database,Database,centralindia,1349,1.0,1349,USD
2025-11-17,sub-001,azure-slight-noise,rg-prod,SQL Database,Database,westus,1341,1.0,1341,USD
2025-11-18,sub-001,azure-slight-noise,rg-prod,Virtual Machines,Compute,centralindia,2967,1.0,2967,USD
2025-11-18,sub-001,azure-slight-noise,rg-prod,Virtual Machines,Compute,westus,2960,1.0,2960,USD
2025-11-18,sub-001,azure-slight-noise,rg-prod,Storage,Blob Storage,centralindia,762,1.0,762,USD
2025-11-18,sub-001,azure-slight-noise,rg-prod,Storage,Blob Storage,westus,723,1.0,723,USD
2025-11-18,sub-001,azure-slight-noise,rg-prod,SQL Database,Database,centralindia,1416,1.0,1416,USD
2025-11-18,sub-001,azure-slight-noise,rg-prod,SQL Database,Database,westus,1377,1.0,1377,USD
2025-11-19,sub-001,azure-slight-noise,rg-prod,Virtual Machines,Compute,centralindia,2910,1.0,2910,USD
2025-11-19,sub-001,azure-slight-noise,rg-prod,Virtual Machines,Compute,westus,2896,1.0,2896,USD
2025-11-19,sub-001,azure-slight-noise,rg-prod,Storage,Blob Storage,centralindia,758,1.0,758,USD
2025-11-19,sub-001,azure-slight-noise,rg-prod,Storage,Blob Storage,westus,737,1.0,737,USD
2025-11-19,sub-001,azure-slight-noise,rg-prod,SQL Database,Database,centralindia,1347,1.0,1347,USD
2025-11-19,sub-001,azure-slight-noise,rg-prod,SQL Database,Database,westus,1437,1.0,1437,USD
2025-11-20,sub-001,azure-slight-noise,rg-prod,Virtual Machines,Compute,centralindia,2882,1.0,2882,USD
2025-11-20,sub-001,azure-slight-noise,rg-prod,Virtual Machines,Compute,westus,2925,1.0,2925,USD
2025-11-20,sub-001,azure-slight-noise,rg-prod,Storage,Blob Storage,centralindia,729,1.0,729,USD
2025-11-20,sub-001,azure-slight-noise,rg-prod,Storage,Blob Storage,westus,746,1.0,746,USD
2025-11-20,sub-001,azure-slight-noise,rg-prod,SQL Database,Database,centralindia,1374,1.0,1374,USD
2025-11-20,sub-001,azure-slight-noise,rg-prod,SQL Database,Database,westus,1363,1.0,1363,USD
2025-11-21,sub-001,azure-slight-noise,rg-prod,Virtual Machines,Compute,centralindia,2953,1.0,2953,USD
2025-11-21,sub-001,azure-slight-noise,rg-prod,Virtual Machines,Compute,westus,2873,1.0,2873,USD
2025-11-21,sub-001,azure-slight-noise,rg-prod,Storage,Blob Storage,centralindia,734,1.0,734,USD
2025-11-21,sub-001,azure-slight-noise,rg-prod,Storage,Blob Storage,westus,759,1.0,759,USD
2025-11-21,sub-001,azure-slight-noise,rg-prod,SQL Database,Database,centralindia,1464,1.0,1464,USD
2025-11-21,sub-001,azure-slight-noise,rg-prod,SQL Database,Database,westus,1392,1.0,1392,USD
2025-11-22,sub-001,azure-slight-noise,rg-prod,Virtual Machines,Compute,centralindia,2830,1.0,2830,USD
2025-11-22,sub-001,azure-slight-noise,rg-prod,Virtual Machines,Compute,westus,2858,1.0,2858,USD
2025-11-22,sub-001,azure-slight-noise,rg-prod,Storage,Blob Storage,centralindia,759,1.0,759,USD
2025-11-22,sub-001,azure-slight-noise,rg-prod,Storage,Blob Storage,westus,754,1.0,754,USD
2025-11-22,sub-001,azure-slight-noise,rg-prod,SQL Database,Database,centralindia,1469,1.0,1469,USD
2025-11-22,sub-001,azure-slight-noise,rg-prod,SQL Database,Database,westus,1335,1.0,1335,USD
2025-11-23,sub-001,azure-slight-noise,rg-prod,Virtual Machines,Compute,centralindia,2856,1.0,2856,USD
2025-11-23,sub-001,azure-slight-noise,rg-prod,Virtual Machines,Compute,westus,2850,1.0,2850,USD
2025-11-23,sub-001,azure-slight-noise,rg-prod,Storage,Blob Storage,centralindia,767,1.0,767,USD
2025-11-23,sub-001,azure-slight-noise,rg-prod,Storage,Blob Storage,westus,730,1.0,730,USD
2025-11-23,sub-001,azure-slight-noise,rg-prod,SQL Database,Database,centralindia,1378,1.0,1378,USD
2025-11-23,sub-001,azure-slight-noise,rg-prod,SQL Database,Database,westus,1351,1.0,1351,USD
2025-11-24,sub-001,azure-slight-noise,rg-prod,Virtual Machines,Compute,centralindia,2881,1.0,2881,USD
2025-11-24,sub-001,azure-slight-noise,rg-prod,Virtual Machines,Compute,westus,2945,1.0,2945,USD
2025-11-24,sub-001,azure-slight-noise,rg-prod,Storage,Blob Storage,centralindia,752,1.0,752,USD
2025-11-24,sub-001,azure-slight-noise,rg-prod,Storage,Blob Storage,westus,770,1.0,770,USD
2025-11-24,sub-001,azure-slight-noise,rg-prod,SQL Database,Database,centralindia,1345,1.0,1345,USD
2025-11-24,sub-001,azure-slight-noise,rg-prod,SQL Database,Database,westus,1420,1.0,1420,USD
2025-11-25,sub-001,azure-slight-noise,rg-prod,Virtual Machines,Compute,centralindia,2877,1.0,2877,USD
2025-11-25,sub-001,azure-slight-noise,rg-prod,Virtual Machines,Compute,westus,2866,1.0,2866,USD
2025-11-25,sub-001,azure-slight-noise,rg-prod,Storage,Blob Storage,centralindia,730,1.0,730,USD
2025-11-25,sub-001,azure-slight-noise,rg-prod,Storage,Blob Storage,westus,721,1.0,721,USD
2025-11-25,sub-001,azure-slight-noise,rg-prod,SQL Database,Database,centralindia,1360,1.0,1360,USD
2025-11-25,sub-001,azure-slight-noise,rg-prod,SQL Database,Database,westus,1364,1.0,1364,USD
2025-11-26,sub-001,azure-slight-noise,rg-prod,Virtual Machines,Compute,centralindia,2958,1.0,2958,USD
2025-11-26,sub-001,azure-slight-noise,rg-prod,Virtual Machines,Compute,westus,2843,1.0,2843,USD
2025-11-26,sub-001,azure-slight-noise,rg-prod,Storage,Blob Storage,centralindia,720,1.0,720,USD
2025-11-26,sub-001,azure-slight-noise,rg-prod,Storage,Blob Storage,westus,732,1.0,732,USD
2025-11-26,sub-001,azure-slight-noise,rg-prod,SQL Database,Database,centralindia,1398,1.0,1398,USD
2025-11-26,sub-001,azure-slight-noise,rg-prod,SQL Database,Database,westus,1432,1.0,1432,USD
2025-11-27,sub-001,azure-slight-noise,rg-prod,Virtual Machines,Compute,centralindia,2942,1.0,2942,USD
2025-11-27,sub-001,azure-slight-noise,rg-prod,Virtual Machines,Compute,westus,2942,1.0,2942,USD
2025-11-27,sub-001,azure-slight-noise,rg-prod,Storage,Blob Storage,centralindia,734,1.0,734,USD
2025-11-27,sub-001,azure-slight-noise,rg-prod,Storage,Blob Storage,westus,736,1.0,736,USD
2025-11-27,sub-001,azure-slight-noise,rg-prod,SQL Database,Database,centralindia,1435,1.0,1435,USD
2025-11-27,sub-001,azure-slight-noise,rg-prod,SQL Database,Database,westus,1357,1.0,1357,USD
2025-11-28,sub-001,azure-slight-noise,rg-prod,Virtual Machines,Compute,centralindia,2967,1.0,2967,USD
2025-11-28,sub-001,azure-slight-noise,rg-prod,Virtual Machines,Compute,westus,2907,1.0,2907,USD
2025-11-28,sub-001,azure-slight-noise,rg-prod,Storage,Blob Storage,centralindia,773,1.0,773,USD
2025-11-28,sub-001,azure-slight-noise,rg-prod,Storage,Blob Storage,westus,780,1.0,780,USD
2025-11-28,sub-001,azure-slight-noise,rg-prod,SQL Database,Database,centralindia,1398,1.0,1398,USD
2025-11-28,sub-001,azure-slight-noise,rg-prod,SQL Database,Database,westus,1345,1.0,1345,USD
2025-11-29,sub-001,azure-slight-noise,rg-prod,Virtual Machines,Compute,centralindia,2837,1.0,2837,USD
2025-11-29,sub-001,azure-slight-noise,rg-prod,Virtual Machines,Compute,westus,2907,1.0,2907,USD
2025-11-29,sub-001,azure-slight-noise,rg-prod,Storage,Blob Storage,centralindia,726,1.0,726,USD
2025-11-29,sub-001,azure-slight-noise,rg-prod,Storage,Blob Storage,westus,736,1.0,736,USD
2025-11-29,sub-001,azure-slight-noise,rg-prod,SQL Database,Database,centralindia,1355,1.0,1355,USD
2025-11-29,sub-001,azure-slight-noise,rg-prod,SQL Database,Database,westus,1339,1.0,1339,USD
2025-11-30,sub-001,azure-slight-noise,rg-prod,Virtual Machines,Compute,centralindia,2946,1.0,2946,USD
2025-11-30,sub-001,azure-slight-noise,rg-prod,Virtual Machines,Compute,westus,2921,1.0,2921,USD
2025-11-30,sub-001,azure-slight-noise,rg-prod,Storage,Blob Storage,centralindia,746,1.0,746,USD
2025-11-30,sub-001,azure-slight-noise,rg-prod,Storage,Blob Storage,westus,759,1.0,759,USD
2025-11-30,sub-001,azure-slight-noise,rg-prod,SQL Database,Database,centralindia,1425,1.0,1425,USD
2025-11-30,sub-001,azure-slight-noise,rg-prod,SQL Database,Database,westus,1452,1.0,1452,USD
2025-12-01,sub-001,azure-slight-noise,rg-prod,Virtual Machines,Compute,centralindia,2899,1.0,2899,USD
2025-12-01,sub-001,azure-slight-noise,rg-prod,Virtual Machines,Compute,westus,2890,1.0,2890,USD
2025-12-01,sub-001,azure-slight-noise,rg-prod,Storage,Blob Storage,centralindia,777,1.0,777,USD
2025-12-01,sub-001,azure-slight-noise,rg-prod,Storage,Blob Storage,westus,747,1.0,747,USD
2025-12-01,sub-001,azure-slight-noise,rg-prod,SQL Database,Database,centralindia,1356,1.0,1356,USD
2025-12-01,sub-001,azure-slight-noise,rg-prod,SQL Database,Database,westus,1461,1.0,1461,USD
2025-12-02,sub-001,azure-slight-noise,rg-prod,Virtual Machines,Compute,centralindia,2897,1.0,2897,USD
2025-12-02,sub-001,azure-slight-noise,rg-prod,Virtual Machines,Compute,westus,2864,1.0,2864,USD
2025-12-02,sub-001,azure-slight-noise,rg-prod,Storage,Blob Storage,centralindia,751,1.0,751,USD
2025-12-02,sub-001,azure-slight-noise,rg-prod,Storage,Blob Storage,westus,765,1.0,765,USD
2025-12-02,sub-001,azure-slight-noise,rg-prod,SQL Database,Database,centralindia,1335,1.0,1335,USD
2025-12-02,sub-001,azure-slight-noise,rg-prod,SQL Database,Database,westus,1377,1.0,1377,USD
2025-12-03,sub-001,azure-slight-noise,rg-prod,Virtual Machines,Compute,centralindia,2903,1.0,2903,USD
2025-12-03,sub-001,azure-slight-noise,rg-prod,Virtual Machines,Compute,westus,2835,1.0,2835,USD
2025-12-03,sub-001,azure-slight-noise,rg-prod,Storage,Blob Storage,centralindia,733,1.0,733,USD
2025-12-03,sub-001,azure-slight-noise,rg-prod,Storage,Blob Storage,westus,735,1.0,735,USD
2025-12-03,sub-001,azure-slight-noise,rg-prod,SQL Database,Database,centralindia,1388,1.0,1388,USD
2025-12-03,sub-001,azure-slight-noise,rg-prod,SQL Database,Database,westus,1420,1.0,1420,USD
2025-12-04,sub-001,azure-slight-noise,rg-prod,Virtual Machines,Compute,centralindia,2871,1.0,2871,USD
2025-12-04,sub-001,azure-slight-noise,rg-prod,Virtual Machines,Compute,westus,2927,1.0,2927,USD
2025-12-04,sub-001,azure-slight-noise,rg-prod,Storage,Blob Storage,centralindia,774,1.0,774,USD
2025-12-04,sub-001,azure-slight-noise,rg-prod,Storage,Blob Storage,westus,737,1.0,737,USD
2025-12-04,sub-001,azure-slight-noise,rg-prod,SQL Database,Database,centralindia,1396,1.0,1396,USD
2025-12-04,sub-001,azure-slight-noise,rg-prod,SQL Database,Database,westus,1379,1.0,1379,USD
2025-12-05,sub-001,azure-slight-noise,rg-prod,Virtual Machines,Compute,centralindia,2970,1.0,2970,USD
2025-12-05,sub-001,azure-slight-noise,rg-prod,Virtual Machines,Compute,westus,2878,1.0,2878,USD
2025-12-05,sub-001,azure-slight-noise,rg-prod,Storage,Blob Storage,centralindia,721,1.0,721,USD
2025-12-05,sub-001,azure-slight-noise,rg-prod,Storage,Blob Storage,westus,776,1.0,776,USD
2025-12-05,sub-001,azure-slight-noise,rg-prod,SQL Database,Database,centralindia,1465,1.0,1465,USD
2025-12-05,sub-001,azure-slight-noise,rg-prod,SQL Database,Database,westus,1402,1.0,1402,USD
2025-12-06,sub-001,azure-slight-noise,rg-prod,Virtual Machines,Compute,centralindia,2934,1.0,2934,USD
2025-12-06,sub-001,azure-slight-noise,rg-prod,Virtual Machines,Compute,westus,2892,1.0,2892,USD
2025-12-06,sub-001,azure-slight-noise,rg-prod,Storage,Blob Storage,centralindia,759,1.0,759,USD
2025-12-06,sub-001,azure-slight-noise,rg-prod,Storage,Blob Storage,westus,772,1.0,772,USD
2025-12-06,sub-001,azure-slight-noise,rg-prod,SQL Database,Database,centralindia,1423,1.0,1423,USD
2025-12-06,sub-001,azure-slight-noise,rg-prod,SQL Database,Database,westus,1384,1.0,1384,USD
2025-12-07,sub-001,azure-slight-noise,rg-prod,Virtual Machines,Compute,centralindia,2850,1.0,2850,USD
2025-12-07,sub-001,azure-slight-noise,rg-prod,Virtual Machines,Compute,westus,2898,1.0,2898,USD
2025-12-07,sub-001,azure-slight-noise,rg-prod,Storage,Blob Storage,centralindia,753,1.0,753,USD
2025-12-07,sub-001,azure-slight-noise,rg-prod,Storage,Blob Storage,westus,745,1.0,745,USD
2025-12-07,sub-001,azure-slight-noise,rg-prod,SQL Database,Database,centralindia,1396,1.0,1396,USD
2025-12-07,sub-001,azure-slight-noise,rg-prod,SQL Database,Database,westus,1347,1.0,1347,USD
2025-12-08,sub-001,azure-slight-noise,rg-prod,Virtual Machines,Compute,centralindia,2916,1.0,2916,USD
2025-12-08,sub-001,azure-slight-noise,rg-prod,Virtual Machines,Compute,westus,2943,1.0,2943,USD
2025-12-08,sub-001,azure-slight-noise,rg-prod,Storage,Blob Storage,centralindia,779,1.0,779,USD
2025-12-08,sub-001,azure-slight-noise,rg-prod,Storage,Blob Storage,westus,755,1.0,755,USD
2025-12-08,sub-001,azure-slight-noise,rg-prod,SQL Database,Database,centralindia,1394,1.0,1394,USD
2025-12-08,sub-001,azure-slight-noise,rg-prod,SQL Database,Database,westus,1378,1.0,1378,USD
2025-12-09,sub-001,azure-slight-noise,rg-prod,Virtual Machines,Compute,centralindia,2905,1.0,2905,USD
2025-12-09,sub-001,azure-slight-noise,rg-prod,Virtual Machines,Compute,westus,2949,1.0,2949,USD
2025-12-09,sub-001,azure-slight-noise,rg-prod,Storage,Blob Storage,centralindia,765,1.0,765,USD
2025-12-09,sub-001,azure-slight-noise,rg-prod,Storage,Blob Storage,westus,762,1.0,762,USD
2025-12-09,sub-001,azure-slight-noise,rg-prod,SQL Database,Database,centralindia,1332,1.0,1332,USD
2025-12-09,sub-001,azure-slight-noise,rg-prod,SQL Database,Database,westus,1407,1.0,1407,USD
2025-12-10,sub-001,azure-slight-noise,rg-prod,Virtual Machines,Compute,centralindia,2945,1.0,2945,USD
2025-12-10,sub-001,azure-slight-noise,rg-prod,Virtual Machines,Compute,westus,2910,1.0,2910,USD
2025-12-10,sub-001,azure-slight-noise,rg-prod,Storage,Blob Storage,centralindia,752,1.0,752,USD
2025-12-10,sub-001,azure-slight-noise,rg-prod,Storage,Blob Storage,westus,729,1.0,729,USD
2025-12-10,sub-001,azure-slight-noise,rg-prod,SQL Database,Database,centralindia,1437,1.0,1437,USD
2025-12-10,sub-001,azure-slight-noise,rg-prod,SQL Database,Database,westus,1411,1.0,1411,USD
2025-12-11,sub-001,azure-slight-noise,rg-prod,Virtual Machines,Compute,centralindia,2965,1.0,2965,USD
2025-12-11,sub-001,azure-slight-noise,rg-prod,Virtual Machines,Compute,westus,2850,1.0,2850,USD
2025-12-11,sub-001,azure-slight-noise,rg-prod,Storage,Blob Storage,centralindia,759,1.0,759,USD
2025-12-11,sub-001,azure-slight-noise,rg-prod,Storage,Blob Storage,westus,743,1.0,743,USD
2025-12-11,sub-001,azure-slight-noise,rg-prod,SQL Database,Database,centralindia,1347,1.0,1347,USD
2025-12-11,sub-001,azure-slight-noise,rg-prod,SQL Database,Database,westus,1463,1.0,1463,USD
2025-12-12,sub-001,azure-slight-noise,rg-prod,Virtual Machines,Compute,centralindia,2840,1.0,2840,USD
2025-12-12,sub-001,azure-slight-noise,rg-prod,Virtual Machines,Compute,westus,2886,1.0,2886,USD
2025-12-12,sub-001,azure-slight-noise,rg-prod,Storage,Blob Storage,centralindia,749,1.0,749,USD
2025-12-12,sub-001,azure-slight-noise,rg-prod,Storage,Blob Storage,westus,729,1.0,729,USD
2025-12-12,sub-001,azure-slight-noise,rg-prod,SQL Database,Database,centralindia,1409,1.0,1409,USD
2025-12-12,sub-001,azure-slight-noise,rg-prod,SQL Database,Database,westus,1356,1.0,1356,USD
2025-12-13,sub-001,azure-slight-noise,rg-prod,Virtual Machines,Compute,centralindia,2852,1.0,2852,USD
2025-12-13,sub-001,azure-slight-noise,rg-prod,Virtual Machines,Compute,westus,11648.0,1.0,11648.0,USD
2025-12-13,sub-001,azure-slight-noise,rg-prod,Storage,Blob Storage,centralindia,756,1.0,756,USD
2025-12-13,sub-001,azure-slight-noise,rg-prod,Storage,Blob Storage,westus,778,1.0,778,USD
2025-12-13,sub-001,azure-slight-noise,rg-prod,SQL Database,Database,centralindia,1379,1.0,1379,USD
2025-12-13,sub-001,azure-slight-noise,rg-prod,SQL Database,Database,westus,1352,1.0,1352,USD
2025-12-14,sub-001,azure-slight-noise,rg-prod,Virtual Machines,Compute,centralindia,2863,1.0,2863,USD
2025-12-14,sub-001,azure-slight-noise,rg-prod,Virtual Machines,Compute,westus,2917,1.0,2917,USD
2025-12-14,sub-001,azure-slight-noise,rg-prod,Storage,Blob Storage,centralindia,772,1.0,772,USD
2025-12-14,sub-001,azure-slight-noise,rg-prod,Storage,Blob Storage,westus,747,1.0,747,USD
2025-12-14,sub-001,azure-slight-noise,rg-prod,SQL Database,Database,centralindia,1420,1.0,1420,USD
2025-12-14,sub-001,azure-slight-noise,rg-prod,SQL Database,Database,westus,1338,1.0,1338,USD
2025-12-15,sub-001,azure-slight-noise,rg-prod,Virtual Machines,Compute,centralindia,11432.0,1.0,11432.0,USD
2025-12-15,sub-001,azure-slight-noise,rg-prod,Virtual Machines,Compute,westus,2945,1.0,2945,USD
2025-12-15,sub-001,azure-slight-noise,rg-prod,Storage,Blob Storage,centralindia,778,1.0,778,USD
2025-12-15,sub-001,azure-slight-noise,rg-prod,Storage,Blob Storage,westus,777,1.0,777,USD
2025-12-15,sub-001,azure-slight-noise,rg-prod,SQL Database,Database,centralindia,1427,1.0,1427,USD
2025-12-15,sub-001,azure-slight-noise,rg-prod,SQL Database,Database,westus,1367,1.0,1367,USD
2025-12-16,sub-001,azure-slight-noise,rg-prod,Virtual Machines,Compute,centralindia,2929,1.0,2929,USD
2025-12-16,sub-001,azure-slight-noise,rg-prod,Virtual Machines,Compute,westus,2896,1.0,2896,USD
2025-12-16,sub-001,azure-slight-noise,rg-prod,Storage,Blob Storage,centralindia,727,1.0,727,USD
2025-12-16,sub-001,azure-slight-noise,rg-prod,Storage,Blob Storage,westus,738,1.0,738,USD
2025-12-16,sub-001,azure-slight-noise,rg-prod,SQL Database,Database,centralindia,1426,1.0,1426,USD
2025-12-16,sub-001,azure-slight-noise,rg-prod,SQL Database,Database,westus,1334,1.0,1334,USD
2025-12-17,sub-001,azure-slight-noise,rg-prod,Virtual Machines,Compute,centralindia,2842,1.0,2842,USD
2025-12-17,sub-001,azure-slight-noise,rg-prod,Virtual Machines,Compute,westus,2874,1.0,2874,USD
2025-12-17,sub-001,azure-slight-noise,rg-prod,Storage,Blob Storage,centralindia,768,1.0,768,USD
2025-12-17,sub-001,azure-slight-noise,rg-prod,Storage,Blob Storage,westus,738,1.0,738,USD
2025-12-17,sub-001,azure-slight-noise,rg-prod,SQL Database,Database,centralindia,1390,1.0,1390,USD
2025-12-17,sub-001,azure-slight-noise,rg-prod,SQL Database,Database,westus,1363,1.0,1363,USD
2025-12-18,sub-001,azure-slight-noise,rg-prod,Virtual Machines,Compute,centralindia,2867,1.0,2867,USD
2025-12-18,sub-001,azure-slight-noise,rg-prod,Virtual Machines,Compute,westus,2889,1.0,2889,USD
2025-12-18,sub-001,azure-slight-noise,rg-prod,Storage,Blob Storage,centralindia,745,1.0,745,USD
2025-12-18,sub-001,azure-slight-noise,rg-prod,Storage,Blob Storage,westus,746,1.0,746,USD
2025-12-18,sub-001,azure-slight-noise,rg-prod,SQL Database,Database,centralindia,1426,1.0,1426,USD
2025-12-18,sub-001,azure-slight-noise,rg-prod,SQL Database,Database,westus,1450,1.0,1450,USD
2025-12-19,sub-001,azure-slight-noise,rg-prod,Virtual Machines,Compute,centralindia,2892,1.0,2892,USD
2025-12-19,sub-001,azure-slight-noise,rg-prod,Virtual Machines,Compute,westus,2970,1.0,2970,USD
2025-12-19,sub-001,azure-slight-noise,rg-prod,Storage,Blob Storage,centralindia,742,1.0,742,USD
2025-12-19,sub-001,azure-slight-noise,rg-prod,Storage,Blob Storage,westus,744,1.0,744,USD
2025-12-19,sub-001,azure-slight-noise,rg-prod,SQL Database,Database,centralindia,1469,1.0,1469,USD
2025-12-19,sub-001,azure-slight-noise,rg-prod,SQL Database,Database,westus,1467,1.0,1467,USD
2025-12-20,sub-001,azure-slight-noise,rg-prod,Virtual Machines,Compute,centralindia,2943,1.0,2943,USD
2025-12-20,sub-001,azure-slight-noise,rg-prod,Virtual Machines,Compute,westus,2950,1.0,2950,USD
2025-12-20,sub-001,azure-slight-noise,rg-prod,Storage,Blob Storage,centralindia,739,1.0,739,USD
2025-12-20,sub-001,azure-slight-noise,rg-prod,Storage,Blob Storage,westus,735,1.0,735,USD
2025-12-20,sub-001,azure-slight-noise,rg-prod,SQL Database,Database,centralindia,1429,1.0,1429,USD
2025-12-20,sub-001,azure-slight-noise,rg-prod,SQL Database,Database,westus,1466,1.0,1466,USD
2025-12-21,sub-001,azure-slight-noise,rg-prod,Virtual Machines,Compute,centralindia,2928,1.0,2928,USD
2025-12-21,sub-001,azure-slight-noise,rg-prod,Virtual Machines,Compute,westus,2864,1.0,2864,USD
2025-12-21,sub-001,azure-slight-noise,rg-prod,Storage,Blob Storage,centralindia,743,1.0,743,USD
2025-12-21,sub-001,azure-slight-noise,rg-prod,Storage,Blob Storage,westus,772,1.0,772,USD
2025-12-21,sub-001,azure-slight-noise,rg-prod,SQL Database,Database,centralindia,1413,1.0,1413,USD
2025-12-21,sub-001,azure-slight-noise,rg-prod,SQL Database,Database,westus,1436,1.0,1436,USD
2025-12-22,sub-001,azure-slight-noise,rg-prod,Virtual Machines,Compute,centralindia,2903,1.0,2903,USD
2025-12-22,sub-001,azure-slight-noise,rg-prod,Virtual Machines,Compute,westus,2910,1.0,2910,USD
2025-12-22,sub-001,azure-slight-noise,rg-prod,Storage,Blob Storage,centralindia,743,1.0,743,USD
2025-12-22,sub-001,azure-slight-noise,rg-prod,Storage,Blob Storage,westus,740,1.0,740,USD
2025-12-22,sub-001,azure-slight-noise,rg-prod,SQL Database,Database,centralindia,1433,1.0,1433,USD
2025-12-22,sub-001,azure-slight-noise,rg-prod,SQL Database,Database,westus,1394,1.0,1394,USD
2025-12-23,sub-001,azure-slight-noise,rg-prod,Virtual Machines,Compute,centralindia,2831,1.0,2831,USD
2025-12-23,sub-001,azure-slight-noise,rg-prod,Virtual Machines,Compute,westus,2955,1.0,2955,USD
2025-12-23,sub-001,azure-slight-noise,rg-prod,Storage,Blob Storage,centralindia,751,1.0,751,USD
2025-12-23,sub-001,azure-slight-noise,rg-prod,Storage,Blob Storage,westus,721,1.0,721,USD
2025-12-23,sub-001,azure-slight-noise,rg-prod,SQL Database,Database,centralindia,1434,1.0,1434,USD
2025-12-23,sub-001,azure-slight-noise,rg-prod,SQL Database,Database,westus,1359,1.0,1359,USD
2025-12-24,sub-001,azure-slight-noise,rg-prod,Virtual Machines,Compute,centralindia,2883,1.0,2883,USD
2025-12-24,sub-001,azure-slight-noise,rg-prod,Virtual Machines,Compute,westus,2930,1.0,2930,USD
2025-12-24,sub-001,azure-slight-noise,rg-prod,Storage,Blob Storage,centralindia,727,1.0,727,USD
2025-12-24,sub-001,azure-slight-noise,rg-prod,Storage,Blob Storage,westus,747,1.0,747,USD
2025-12-24,sub-001,azure-slight-noise,rg-prod,SQL Database,Database,centralindia,1468,1.0,1468,USD
2025-12-24,sub-001,azure-slight-noise,rg-prod,SQL Database,Database,westus,1351,1.0,1351,USD
2025-12-25,sub-001,azure-slight-noise,rg-prod,Virtual Machines,Compute,centralindia,2923,1.0,2923,USD
2025-12-25,sub-001,azure-slight-noise,rg-prod,Virtual Machines,Compute,westus,2890,1.0,2890,USD
2025-12-25,sub-001,azure-slight-noise,rg-prod,Storage,Blob Storage,centralindia,737,1.0,737,USD
2025-12-25,sub-001,azure-slight-noise,rg-prod,Storage,Blob Storage,westus,779,1.0,779,USD
2025-12-25,sub-001,azure-slight-noise,rg-prod,SQL Database,Database,centralindia,1362,1.0,1362,USD
2025-12-25,sub-001,azure-slight-noise,rg-prod,SQL Database,Database,westus,1426,1.0,1426,USD
2025-12-26,sub-001,azure-slight-noise,rg-prod,Virtual Machines,Compute,centralindia,2849,1.0,2849,USD
2025-12-26,sub-001,azure-slight-noise,rg-prod,Virtual Machines,Compute,westus,2904,1.0,2904,USD
2025-12-26,sub-001,azure-slight-noise,rg-prod,Storage,Blob Storage,centralindia,758,1.0,758,USD
2025-12-26,sub-001,azure-slight-noise,rg-prod,Storage,Blob Storage,westus,772,1.0,772,USD
2025-12-26,sub-001,azure-slight-noise,rg-prod,SQL Database,Database,centralindia,1347,1.0,1347,USD
2025-12-26,sub-001,azure-slight-noise,rg-prod,SQL Database,Database,westus,1351,1.0,1351,USD
2025-12-27,sub-001,azure-slight-noise,rg-prod,Virtual Machines,Compute,centralindia,2905,1.0,2905,USD
2025-12-27,sub-001,azure-slight-noise,rg-prod,Virtual Machines,Compute,westus,2938,1.0,2938,USD
2025-12-27,sub-001,azure-slight-noise,rg-prod,Storage,Blob Storage,centralindia,765,1.0,765,USD
2025-12-27,sub-001,azure-slight-noise,rg-prod,Storage,Blob Storage,westus,735,1.0,735,USD
2025-12-27,sub-001,azure-slight-noise,rg-prod,SQL Database,Database,centralindia,1382,1.0,1382,USD
2025-12-27,sub-001,azure-slight-noise,rg-prod,SQL Database,Database,westus,1365,1.0,1365,USD
2025-12-28,sub-001,azure-slight-noise,rg-prod,Virtual Machines,Compute,centralindia,2855,1.0,2855,USD
2025-12-28,sub-001,azure-slight-noise,rg-prod,Virtual Machines,Compute,westus,2961,1.0,2961,USD
2025-12-28,sub-001,azure-slight-noise,rg-prod,Storage,Blob Storage,centralindia,729,1.0,729,USD
2025-12-28,sub-001,azure-slight-noise,rg-prod,Storage,Blob Storage,westus,744,1.0,744,USD
2025-12-28,sub-001,azure-slight-noise,rg-prod,SQL Database,Database,centralindia,1405,1.0,1405,USD
2025-12-28,sub-001,azure-slight-noise,rg-prod,SQL Database,Database,westus,1455,1.0,1455,USD
2025-12-29,sub-001,azure-slight-noise,rg-prod,Virtual Machines,Compute,centralindia,2940,1.0,2940,USD
2025-12-29,sub-001,azure-slight-noise,rg-prod,Virtual Machines,Compute,westus,2889,1.0,2889,USD
2025-12-29,sub-001,azure-slight-noise,rg-prod,Storage,Blob Storage,centralindia,725,1.0,725,USD
2025-12-29,sub-001,azure-slight-noise,rg-prod,Storage,Blob Storage,westus,730,1.0,730,USD
2025-12-29,sub-001,azure-slight-noise,rg-prod,SQL Database,Database,centralindia,1439,1.0,1439,USD
2025-12-29,sub-001,azure-slight-noise,rg-prod,SQL Database,Database,westus,1380,1.0,1380,USD
2025-12-30,sub-001,azure-slight-noise,rg-prod,Virtual Machines,Compute,centralindia,2845,1.0,2845,USD
2025-12-30,sub-001,azure-slight-noise,rg-prod,Virtual Machines,Compute,westus,2922,1.0,2922,USD
2025-12-30,sub-001,azure-slight-noise,rg-prod,Storage,Blob Storage,centralindia,749,1.0,749,USD
2025-12-30,sub-001,azure-slight-noise,rg-prod,Storage,Blob Storage,westus,760,1.0,760,USD
2025-12-30,sub-001,azure-slight-noise,rg-prod,SQL Database,Database,centralindia,1371,1.0,1371,USD
2025-12-30,sub-001,azure-slight-noise,rg-prod,SQL Database,Database,westus,1379,1.0,1379,USD
2025-12-31,sub-001,azure-slight-noise,rg-prod,Virtual Machines,Compute,centralindia,2957,1.0,2957,USD
2025-12-31,sub-001,azure-slight-noise,rg-prod,Virtual Machines,Compute,westus,2926,1.0,2926,USD
2025-12-31,sub-001,azure-slight-noise,rg-prod,Storage,Blob Storage,centralindia,771,1.0,771,USD
2025-12-31,sub-001,azure-slight-noise,rg-prod,Storage,Blob Storage,westus,770,1.0,770,USD
2025-12-31,sub-001,azure-slight-noise,rg-prod,SQL Database,Database,centralindia,1408,1.0,1408,USD
2025-12-31,sub-001,azure-slight-noise,rg-prod,SQL Database,Database,westus,1400,1.0,1400,USD
2026-01-01,sub-001,azure-slight-noise,rg-prod,Virtual Machines,Compute,centralindia,2838,1.0,2838,USD
2026-01-01,sub-001,azure-slight-noise,rg-prod,Virtual Machines,Compute,westus,2916,1.0,2916,USD
2026-01-01,sub-001,azure-slight-noise,rg-prod,Storage,Blob Storage,centralindia,734,1.0,734,USD
2026-01-01,sub-001,azure-slight-noise,rg-prod,Storage,Blob Storage,westus,727,1.0,727,USD
2026-01-01,sub-001,azure-slight-noise,rg-prod,SQL Database,Database,centralindia,1335,1.0,1335,USD
2026-01-01,sub-001,azure-slight-noise,rg-prod,SQL Database,Database,westus,1456,1.0,1456,USD
2026-01-02,sub-001,azure-slight-noise,rg-prod,Virtual Machines,Compute,centralindia,2902,1.0,2902,USD
2026-01-02,sub-001,azure-slight-noise,rg-prod,Virtual Machines,Compute,westus,2832,1.0,2832,USD
2026-01-02,sub-001,azure-slight-noise,rg-prod,Storage,Blob Storage,centralindia,733,1.0,733,USD
2026-01-02,sub-001,azure-slight-noise,rg-prod,Storage,Blob Storage,westus,780,1.0,780,USD
2026-01-02,sub-001,azure-slight-noise,rg-prod,SQL Database,Database,centralindia,1437,1.0,1437,USD
2026-01-02,sub-001,azure-slight-noise,rg-prod,SQL Database,Database,westus,1394,1.0,1394,USD
2026-01-03,sub-001,azure-slight-noise,rg-prod,Virtual Machines,Compute,centralindia,2869,1.0,2869,USD
2026-01-03,sub-001,azure-slight-noise,rg-prod,Virtual Machines,Compute,westus,2902,1.0,2902,USD
2026-01-03,sub-001,azure-slight-noise,rg-prod,Storage,Blob Storage,centralindia,777,1.0,777,USD
2026-01-03,sub-001,azure-slight-noise,rg-prod,Storage,Blob Storage,westus,741,1.0,741,USD
2026-01-03,sub-001,azure-slight-noise,rg-prod,SQL Database,Database,centralindia,1414,1.0,1414,USD
2026-01-03,sub-001,azure-slight-noise,rg-prod,SQL Database,Database,westus,1432,1.0,1432,USD
2026-01-04,sub-001,azure-slight-noise,rg-prod,Virtual Machines,Compute,centralindia,2964,1.0,2964,USD
2026-01-04,sub-001,azure-slight-noise,rg-prod,Virtual Machines,Compute,westus,2944,1.0,2944,USD
2026-01-04,sub-001,azure-slight-noise,rg-prod,Storage,Blob Storage,centralindia,741,1.0,741,USD
2026-01-04,sub-001,azure-slight-noise,rg-prod,Storage,Blob Storage,westus,734,1.0,734,USD
2026-01-04,sub-001,azure-slight-noise,rg-prod,SQL Database,Database,centralindia,1354,1.0,1354,USD
2026-01-04,sub-001,azure-slight-noise,rg-prod,SQL Database,Database,westus,1375,1.0,1375,USD
2026-01-05,sub-001,azure-slight-noise,rg-prod,Virtual Machines,Compute,centralindia,2950,1.0,2950,USD
2026-01-05,sub-001,azure-slight-noise,rg-prod,Virtual Machines,Compute,westus,2894,1.0,2894,USD
2026-01-05,sub-001,azure-slight-noise,rg-prod,Storage,Blob Storage,centralindia,769,1.0,769,USD
2026-01-05,sub-001,azure-slight-noise,rg-prod,Storage,Blob Storage,westus,743,1.0,743,USD
2026-01-05,sub-001,azure-slight-noise,rg-prod,SQL Database,Database,centralindia,1412,1.0,1412,USD
2026-01-05,sub-001,azure-slight-noise,rg-prod,SQL Database,Database,westus,1426,1.0,1426,USD
2026-01-06,sub-001,azure-slight-noise,rg-prod,Virtual Machines,Compute,centralindia,2893,1.0,2893,USD
2026-01-06,sub-001,azure-slight-noise,rg-prod,Virtual Machines,Compute,westus,2859,1.0,2859,USD
2026-01-06,sub-001,azure-slight-noise,rg-prod,Storage,Blob Storage,centralindia,721,1.0,721,USD
2026-01-06,sub-001,azure-slight-noise,rg-prod,Storage,Blob Storage,westus,740,1.0,740,USD
2026-01-06,sub-001,azure-slight-noise,rg-prod,SQL Database,Database,centralindia,1363,1.0,1363,USD
2026-01-06,sub-001,azure-slight-noise,rg-prod,SQL Database,Database,westus,1384,1.0,1384,USD
2026-01-07,sub-001,azure-slight-noise,rg-prod,Virtual Machines,Compute,centralindia,2930,1.0,2930,USD
2026-01-07,sub-001,azure-slight-noise,rg-prod,Virtual Machines,Compute,westus,2964,1.0,2964,USD
2026-01-07,sub-001,azure-slight-noise,rg-prod,Storage,Blob Storage,centralindia,763,1.0,763,USD
2026-01-07,sub-001,azure-slight-noise,rg-prod,Storage,Blob Storage,westus,729,1.0,729,USD
2026-01-07,sub-001,azure-slight-noise,rg-prod,SQL Database,Database,centralindia,1388,1.0,1388,USD
2026-01-07,sub-001,azure-slight-noise,rg-prod,SQL Database,Database,westus,1393,1.0,1393,USD
2026-01-08,sub-001,azure-slight-noise,rg-prod,Virtual Machines,Compute,centralindia,2950,1.0,2950,USD
2026-01-08,sub-001,azure-slight-noise,rg-prod,Virtual Machines,Compute,westus,2844,1.0,2844,USD
2026-01-08,sub-001,azure-slight-noise,rg-prod,Storage,Blob Storage,centralindia,726,1.0,726,USD
2026-01-08,sub-001,azure-slight-noise,rg-prod,Storage,Blob Storage,westus,754,1.0,754,USD
2026-01-08,sub-001,azure-slight-noise,rg-prod,SQL Database,Database,centralindia,1353,1.0,1353,USD
2026-01-08,sub-001,azure-slight-noise,rg-prod,SQL Database,Database,westus,1440,1.0,1440,USD
2026-01-09,sub-001,azure-slight-noise,rg-prod,Virtual Machines,Compute,centralindia,2895,1.0,2895,USD
2026-01-09,sub-001,azure-slight-noise,rg-prod,Virtual Machines,Compute,westus,2935,1.0,2935,USD
2026-01-09,sub-001,azure-slight-noise,rg-prod,Storage,Blob Storage,centralindia,761,1.0,761,USD
2026-01-09,sub-001,azure-slight-noise,rg-prod,Storage,Blob Storage,westus,776,1.0,776,USD
2026-01-09,sub-001,azure-slight-noise,rg-prod,SQL Database,Database,centralindia,1392,1.0,1392,USD
2026-01-09,sub-001,azure-slight-noise,rg-prod,SQL Database,Database,westus,1426,1.0,1426,USD
2026-01-10,sub-001,azure-slight-noise,rg-prod,Virtual Machines,Compute,centralindia,2914,1.0,2914,USD
2026-01-10,sub-001,azure-slight-noise,rg-prod,Virtual Machines,Compute,westus,2928,1.0,2928,USD
2026-01-10,sub-001,azure-slight-noise,rg-prod,Storage,Blob Storage,centralindia,754,1.0,754,USD
2026-01-10,sub-001,azure-slight-noise,rg-prod,Storage,Blob Storage,westus,780,1.0,780,USD
2026-01-10,sub-001,azure-slight-noise,rg-prod,SQL Database,Database,centralindia,1381,1.0,1381,USD
2026-01-10,sub-001,azure-slight-noise,rg-prod,SQL Database,Database,westus,1348,1.0,1348,USD
2026-01-11,sub-001,azure-slight-noise,rg-prod,Virtual Machines,Compute,centralindia,2835,1.0,2835,USD
2026-01-11,sub-001,azure-slight-noise,rg-prod,Virtual Machines,Compute,westus,2870,1.0,2870,USD
2026-01-11,sub-001,azure-slight-noise,rg-prod,Storage,Blob Storage,centralindia,749,1.0,749,USD
2026-01-11,sub-001,azure-slight-noise,rg-prod,Storage,Blob Storage,westus,768,1.0,768,USD
2026-01-11,sub-001,azure-slight-noise,rg-prod,SQL Database,Database,centralindia,1469,1.0,1469,USD
2026-01-11,sub-001,azure-slight-noise,rg-prod,SQL Database,Database,westus,1424,1.0,1424,USD
2026-01-12,sub-001,azure-slight-noise,rg-prod,Virtual Machines,Compute,centralindia,2937,1.0,2937,USD
2026-01-12,sub-001,azure-slight-noise,rg-prod,Virtual Machines,Compute,westus,2846,1.0,2846,USD
2026-01-12,sub-001,azure-slight-noise,rg-prod,Storage,Blob Storage,centralindia,3104.0,1.0,3104.0,USD
2026-01-12,sub-001,azure-slight-noise,rg-prod,Storage,Blob Storage,westus,753,1.0,753,USD
2026-01-12,sub-001,azure-slight-noise,rg-prod,SQL Database,Database,centralindia,1378,1.0,1378,USD
2026-01-12,sub-001,azure-slight-noise,rg-prod,SQL Database,Database,westus,1467,1.0,1467,USD
2026-01-13,sub-001,azure-slight-noise,rg-prod,Virtual Machines,Compute,centralindia,2859,1.0,2859,USD
2026-01-13,sub-001,azure-slight-noise,rg-prod,Virtual Machines,Compute,westus,2892,1.0,2892,USD
2026-01-13,sub-001,azure-slight-noise,rg-prod,Storage,Blob Storage,centralindia,727,1.0,727,USD
2026-01-13,sub-001,azure-slight-noise,rg-prod,Storage,Blob Storage,westus,767,1.0,767,USD
2026-01-13,sub-001,azure-slight-noise,rg-prod,SQL Database,Database,centralindia,1381,1.0,1381,USD
2026-01-13,sub-001,azure-slight-noise,rg-prod,SQL Database,Database,westus,1368,1.0,1368,USD
2026-01-14,sub-001,azure-slight-noise,rg-prod,Virtual Machines,Compute,centralindia,2902,1.0,2902,USD
2026-01-14,sub-001,azure-slight-noise,rg-prod,Virtual Machines,Compute,westus,2848,1.0,2848,USD
2026-01-14,sub-001,azure-slight-noise,rg-prod,Storage,Blob Storage,centralindia,754,1.0,754,USD
2026-01-14,sub-001,azure-slight-noise,rg-prod,Storage,Blob Storage,westus,771,1.0,771,USD
2026-01-14,sub-001,azure-slight-noise,rg-prod,SQL Database,Database,centralindia,1437,1.0,1437,USD
2026-01-14,sub-001,azure-slight-noise,rg-prod,SQL Database,Database,westus,1443,1.0,1443,USD
2026-01-15,sub-001,azure-slight-noise,rg-prod,Virtual Machines,Compute,centralindia,2855,1.0,2855,USD
2026-01-15,sub-001,azure-slight-noise,rg-prod,Virtual Machines,Compute,westus,2848,1.0,2848,USD
2026-01-15,sub-001,azure-slight-noise,rg-prod,Storage,Blob Storage,centralindia,778,1.0,778,USD
2026-01-15,sub-001,azure-slight-noise,rg-prod,Storage,Blob Storage,westus,754,1.0,754,USD
2026-01-15,sub-001,azure-slight-noise,rg-prod,SQL Database,Database,centralindia,1384,1.0,1384,USD
2026-01-15,sub-001,azure-slight-noise,rg-prod,SQL Database,Database,westus,1355,1.0,1355,USD
2026-01-16,sub-001,azure-slight-noise,rg-prod,Virtual Machines,Compute,centralindia,2848,1.0,2848,USD
2026-01-16,sub-001,azure-slight-noise,rg-prod,Virtual Machines,Compute,westus,2919,1.0,2919,USD
2026-01-16,sub-001,azure-slight-noise,rg-prod,Storage,Blob Storage,centralindia,761,1.0,761,USD
2026-01-16,sub-001,azure-slight-noise,rg-prod,Storage,Blob Storage,westus,759,1.0,759,USD
2026-01-16,sub-001,azure-slight-noise,rg-prod,SQL Database,Database,centralindia,1431,1.0,1431,USD
2026-01-16,sub-001,azure-slight-noise,rg-prod,SQL Database,Database,westus,1370,1.0,1370,USD
2026-01-17,sub-001,azure-slight-noise,rg-prod,Virtual Machines,Compute,centralindia,2835,1.0,2835,USD
2026-01-17,sub-001,azure-slight-noise,rg-prod,Virtual Machines,Compute,westus,2873,1.0,2873,USD
2026-01-17,sub-001,azure-slight-noise,rg-prod,Storage,Blob Storage,centralindia,724,1.0,724,USD
2026-01-17,sub-001,azure-slight-noise,rg-prod,Storage,Blob Storage,westus,771,1.0,771,USD
2026-01-17,sub-001,azure-slight-noise,rg-prod,SQL Database,Database,centralindia,1457,1.0,1457,USD
2026-01-17,sub-001,azure-slight-noise,rg-prod,SQL Database,Database,westus,1391,1.0,1391,USD
2026-01-18,sub-001,azure-slight-noise,rg-prod,Virtual Machines,Compute,centralindia,2944,1.0,2944,USD
2026-01-18,sub-001,azure-slight-noise,rg-prod,Virtual Machines,Compute,westus,2844,1.0,2844,USD
2026-01-18,sub-001,azure-slight-noise,rg-prod,Storage,Blob Storage,centralindia,758,1.0,758,USD
2026-01-18,sub-001,azure-slight-noise,rg-prod,Storage,Blob Storage,westus,770,1.0,770,USD
2026-01-18,sub-001,azure-slight-noise,rg-prod,SQL Database,Database,centralindia,1448,1.0,1448,USD
2026-01-18,sub-001,azure-slight-noise,rg-prod,SQL Database,Database,westus,1374,1.0,1374,USD
2026-01-19,sub-001,azure-slight-noise,rg-prod,Virtual Machines,Compute,centralindia,2919,1.0,2919,USD
2026-01-19,sub-001,azure-slight-noise,rg-prod,Virtual Machines,Compute,westus,2853,1.0,2853,USD
2026-01-19,sub-001,azure-slight-noise,rg-prod,Storage,Blob Storage,centralindia,745,1.0,745,USD
2026-01-19,sub-001,azure-slight-noise,rg-prod,Storage,Blob Storage,westus,768,1.0,768,USD
2026-01-19,sub-001,azure-slight-noise,rg-prod,SQL Database,Database,centralindia,1366,1.0,1366,USD
2026-01-19,sub-001,azure-slight-noise,rg-prod,SQL Database,Database,westus,1383,1.0,1383,USD
2026-01-20,sub-001,azure-slight-noise,rg-prod,Virtual Machines,Compute,centralindia,2943,1.0,2943,USD
2026-01-20,sub-001,azure-slight-noise,rg-prod,Virtual Machines,Compute,westus,2865,1.0,2865,USD
2026-01-20,sub-001,azure-slight-noise,rg-prod,Storage,Blob Storage,centralindia,729,1.0,729,USD
2026-01-20,sub-001,azure-slight-noise,rg-prod,Storage,Blob Storage,westus,735,1.0,735,USD
2026-01-20,sub-001,azure-slight-noise,rg-prod,SQL Database,Database,centralindia,1433,1.0,1433,USD
2026-01-20,sub-001,azure-slight-noise,rg-prod,SQL Database,Database,westus,1428,1.0,1428,USD
2026-01-21,sub-001,azure-slight-noise,rg-prod,Virtual Machines,Compute,centralindia,2852,1.0,2852,USD
2026-01-21,sub-001,azure-slight-noise,rg-prod,Virtual Machines,Compute,westus,2861,1.0,2861,USD
2026-01-21,sub-001,azure-slight-noise,rg-prod,Storage,Blob Storage,centralindia,745,1.0,745,USD
2026-01-21,sub-001,azure-slight-noise,rg-prod,Storage,Blob Storage,westus,752,1.0,752,USD
2026-01-21,sub-001,azure-slight-noise,rg-prod,SQL Database,Database,centralindia,1358,1.0,1358,USD
2026-01-21,sub-001,azure-slight-noise,rg-prod,SQL Database,Database,westus,1378,1.0,1378,USD
2026-01-22,sub-001,azure-slight-noise,rg-prod,Virtual Machines,Compute,centralindia,2835,1.0,2835,USD
2026-01-22,sub-001,azure-slight-noise,rg-prod,Virtual Machines,Compute,westus,2958,1.0,2958,USD
2026-01-22,sub-001,azure-slight-noise,rg-prod,Storage,Blob Storage,centralindia,756,1.0,756,USD
2026-01-22,sub-001,azure-slight-noise,rg-prod,Storage,Blob Storage,westus,748,1.0,748,USD
2026-01-22,sub-001,azure-slight-noise,rg-prod,SQL Database,Database,centralindia,1353,1.0,1353,USD
2026-01-22,sub-001,azure-slight-noise,rg-prod,SQL Database,Database,westus,1360,1.0,1360,USD
2026-01-23,sub-001,azure-slight-noise,rg-prod,Virtual Machines,Compute,centralindia,2959,1.0,2959,USD
2026-01-23,sub-001,azure-slight-noise,rg-prod,Virtual Machines,Compute,westus,2859,1.0,2859,USD
2026-01-23,sub-001,azure-slight-noise,rg-prod,Storage,Blob Storage,centralindia,780,1.0,780,USD
2026-01-23,sub-001,azure-slight-noise,rg-prod,Storage,Blob Storage,westus,722,1.0,722,USD
2026-01-23,sub-001,azure-slight-noise,rg-prod,SQL Database,Database,centralindia,1470,1.0,1470,USD
2026-01-23,sub-001,azure-slight-noise,rg-prod,SQL Database,Database,westus,1373,1.0,1373,USD
2026-01-24,sub-001,azure-slight-noise,rg-prod,Virtual Machines,Compute,centralindia,2872,1.0,2872,USD
2026-01-24,sub-001,azure-slight-noise,rg-prod,Virtual Machines,Compute,westus,2918,1.0,2918,USD
2026-01-24,sub-001,azure-slight-noise,rg-prod,Storage,Blob Storage,centralindia,770,1.0,770,USD
2026-01-24,sub-001,azure-slight-noise,rg-prod,Storage,Blob Storage,westus,741,1.0,741,USD
2026-01-24,sub-001,azure-slight-noise,rg-prod,SQL Database,Database,centralindia,1466,1.0,1466,USD
2026-01-24,sub-001,azure-slight-noise,rg-prod,SQL Database,Database,westus,1387,1.0,1387,USD
2026-01-25,sub-001,azure-slight-noise,rg-prod,Virtual Machines,Compute,centralindia,2967,1.0,2967,USD
2026-01-25,sub-001,azure-slight-noise,rg-prod,Virtual Machines,Compute,westus,2887,1.0,2887,USD
2026-01-25,sub-001,azure-slight-noise,rg-prod,Storage,Blob Storage,centralindia,751,1.0,751,USD
2026-01-25,sub-001,azure-slight-noise,rg-prod,Storage,Blob Storage,westus,772,1.0,772,USD
2026-01-25,sub-001,azure-slight-noise,rg-prod,SQL Database,Database,centralindia,1404,1.0,1404,USD
2026-01-25,sub-001,azure-slight-noise,rg-prod,SQL Database,Database,westus,1441,1.0,1441,USD
2026-01-26,sub-001,azure-slight-noise,rg-prod,Virtual Machines,Compute,centralindia,2951,1.0,2951,USD
2026-01-26,sub-001,azure-slight-noise,rg-prod,Virtual Machines,Compute,westus,2871,1.0,2871,USD
2026-01-26,sub-001,azure-slight-noise,rg-prod,Storage,Blob Storage,centralindia,731,1.0,731,USD
2026-01-26,sub-001,azure-slight-noise,rg-prod,Storage,Blob Storage,westus,760,1.0,760,USD
2026-01-26,sub-001,azure-slight-noise,rg-prod,SQL Database,Database,centralindia,1372,1.0,1372,USD
2026-01-26,sub-001,azure-slight-noise,rg-prod,SQL Database,Database,westus,1400,1.0,1400,USD
2026-01-27,sub-001,azure-slight-noise,rg-prod,Virtual Machines,Compute,centralindia,2898,1.0,2898,USD
2026-01-27,sub-001,azure-slight-noise,rg-prod,Virtual Machines,Compute,westus,2970,1.0,2970,USD
2026-01-27,sub-001,azure-slight-noise,rg-prod,Storage,Blob Storage,centralindia,760,1.0,760,USD
2026-01-27,sub-001,azure-slight-noise,rg-prod,Storage,Blob Storage,westus,755,1.0,755,USD
2026-01-27,sub-001,azure-slight-noise,rg-prod,SQL Database,Database,centralindia,1354,1.0,1354,USD
2026-01-27,sub-001,azure-slight-noise,rg-prod,SQL Database,Database,westus,1374,1.0,1374,USD
2026-01-28,sub-001,azure-slight-noise,rg-prod,Virtual Machines,Compute,centralindia,2956,1.0,2956,USD
2026-01-28,sub-001,azure-slight-noise,rg-prod,Virtual Machines,Compute,westus,2881,1.0,2881,USD
2026-01-28,sub-001,azure-slight-noise,rg-prod,Storage,Blob Storage,centralindia,778,1.0,778,USD
2026-01-28,sub-001,azure-slight-noise,rg-prod,Storage,Blob Storage,westus,724,1.0,724,USD
2026-01-28,sub-001,azure-slight-noise,rg-prod,SQL Database,Database,centralindia,1387,1.0,1387,USD
2026-01-28,sub-001,azure-slight-noise,rg-prod,SQL Database,Database,westus,1470,1.0,1470,USD
2026-01-29,sub-001,azure-slight-noise,rg-prod,Virtual Machines,Compute,centralindia,2912,1.0,2912,USD
2026-01-29,sub-001,azure-slight-noise,rg-prod,Virtual Machines,Compute,westus,2843,1.0,2843,USD
2026-01-29,sub-001,azure-slight-noise,rg-prod,Storage,Blob Storage,centralindia,773,1.0,773,USD
2026-01-29,sub-001,azure-slight-noise,rg-prod,Storage,Blob Storage,westus,764,1.0,764,USD
2026-01-29,sub-001,azure-slight-noise,rg-prod,SQL Database,Database,centralindia,1366,1.0,1366,USD
2026-01-29,sub-001,azure-slight-noise,rg-prod,SQL Database,Database,westus,1348,1.0,1348,USD
2026-01-30,sub-001,azure-slight-noise,rg-prod,Virtual Machines,Compute,centralindia,2962,1.0,2962,USD
2026-01-30,sub-001,azure-slight-noise,rg-prod,Virtual Machines,Compute,westus,2946,1.0,2946,USD
2026-01-30,sub-001,azure-slight-noise,rg-prod,Storage,Blob Storage,centralindia,721,1.0,721,USD
2026-01-30,sub-001,azure-slight-noise,rg-prod,Storage,Blob Storage,westus,766,1.0,766,USD
2026-01-30,sub-001,azure-slight-noise,rg-prod,SQL Database,Database,centralindia,1412,1.0,1412,USD
2026-01-30,sub-001,azure-slight-noise,rg-prod,SQL Database,Database,westus,1436,1.0,1436,USD
2026-01-31,sub-001,azure-slight-noise,rg-prod,Virtual Machines,Compute,centralindia,2896,1.0,2896,USD
2026-01-31,sub-001,azure-slight-noise,rg-prod,Virtual Machines,Compute,westus,2858,1.0,2858,USD
2026-01-31,sub-001,azure-slight-noise,rg-prod,Storage,Blob Storage,centralindia,742,1.0,742,USD
2026-01-31,sub-001,azure-slight-noise,rg-prod,Storage,Blob Storage,westus,765,1.0,765,USD
2026-01-31,sub-001,azure-slight-noise,rg-prod,SQL Database,Database,centralindia,1353,1.0,1353,USD
2026-01-31,sub-001,azure-slight-noise,rg-prod,SQL Database,Database,westus,1412,1.0,1412,USD
